"Time","Humidity"
2024-11-20 15:29:04,93
2024-11-20 15:35:00,93
2024-11-20 15:40:56,93
2024-11-20 15:46:59,93
2024-11-20 15:52:58,93
2024-11-20 15:58:54,93
2024-11-20 16:04:49,93
2024-11-20 16:10:46,93
2024-11-20 16:16:41,92
2024-11-20 16:22:38,93
2024-11-20 16:28:33,93
2024-11-20 16:34:28,93
2024-11-20 16:40:24,94
2024-11-20 16:52:48,95
2024-11-20 17:25:48,97
2024-11-20 17:31:43,97
2024-11-20 17:37:38,97
2024-11-20 17:49:30,99
2024-11-20 17:55:25,97
2024-11-20 18:01:20,97
2024-11-20 18:07:19,97
2024-11-20 18:13:17,97
2024-11-20 18:19:19,97
2024-11-20 18:25:14,98
2024-11-20 18:31:10,98
2024-11-20 18:44:42,97
2024-11-20 18:50:36,97
2024-11-20 18:56:32,96
2024-11-20 19:02:26,96
2024-11-20 19:08:25,96
2024-11-20 19:14:23,96
2024-11-20 19:20:18,96
2024-11-20 19:26:13,96
2024-11-20 19:32:08,97
2024-11-20 19:38:06,97
2024-11-20 19:44:01,97
2024-11-20 19:49:56,97
2024-11-20 20:17:13,97
2024-11-20 20:23:08,97
2024-11-20 20:29:05,97
2024-11-20 20:34:59,97
2024-11-20 20:41:02,97
2024-11-20 20:46:57,97
2024-11-20 20:52:53,97
2024-11-20 20:58:50,97
2024-11-20 21:04:45,97
2024-11-20 21:10:40,97
2024-11-20 21:16:38,97
2024-11-20 21:22:33,97
2024-11-20 21:28:28,97
2024-11-20 21:34:23,97
2024-11-20 21:40:18,97
2024-11-20 21:46:14,97
2024-11-20 21:52:10,97
2024-11-20 21:58:07,97
2024-11-20 22:04:03,97
2024-11-20 22:10:01,97
2024-11-20 22:15:57,97
2024-11-20 22:21:53,97
2024-11-20 22:27:47,97
2024-11-20 22:33:43,97
2024-11-20 22:39:47,97
2024-11-20 22:45:43,97
2024-11-20 22:51:41,97
2024-11-20 22:57:38,97
2024-11-20 23:03:32,97
2024-11-20 23:09:29,97
2024-11-20 23:21:50,97
2024-11-20 23:34:07,97
2024-11-20 23:40:10,97
2024-11-20 23:46:08,97
2024-11-20 23:52:03,97
2024-11-20 23:58:03,97
2024-11-21 00:03:59,97
2024-11-21 00:09:55,97
2024-11-21 00:15:50,97
2024-11-21 00:21:45,97
2024-11-21 00:27:44,97
2024-11-21 00:33:39,97
2024-11-21 00:39:34,97
2024-11-21 00:45:34,97
2024-11-21 00:51:28,97
2024-11-21 00:57:23,97
2024-11-21 01:03:21,97
2024-11-21 01:09:12,97
2024-11-21 01:15:09,97
2024-11-21 01:21:05,97
2024-11-21 01:27:01,97
2024-11-21 01:32:55,97
2024-11-21 01:44:47,97
2024-11-21 01:50:42,97
2024-11-21 01:56:38,97
2024-11-21 02:02:33,97
2024-11-21 02:08:28,97
2024-11-21 02:14:23,97
2024-11-21 02:20:18,97
2024-11-21 02:26:12,97
2024-11-21 02:32:10,97
2024-11-21 02:38:07,97
2024-11-21 02:44:02,97
2024-11-21 02:49:57,97
2024-11-21 02:55:53,97
2024-11-21 03:14:12,97
2024-11-21 03:20:07,97
2024-11-21 03:26:02,97
2024-11-21 03:31:57,97
2024-11-21 03:37:52,97
2024-11-21 03:43:47,97
2024-11-21 03:49:43,97
2024-11-21 03:55:38,97
2024-11-21 04:01:34,95
2024-11-21 04:07:30,97
2024-11-21 04:13:25,97
2024-11-21 04:19:21,97
2024-11-21 04:25:16,97
2024-11-21 04:31:19,97
2024-11-21 04:37:13,97
2024-11-21 05:14:18,97
2024-11-21 05:20:14,97
2024-11-21 05:26:11,97
2024-11-21 05:32:06,97
2024-11-21 05:38:02,97
2024-11-21 05:44:00,97
2024-11-21 05:49:58,97
2024-11-21 05:55:56,97
2024-11-21 06:01:51,97
2024-11-21 06:07:46,97
2024-11-21 06:13:41,97
2024-11-21 06:19:37,97
2024-11-21 06:25:36,97
2024-11-21 06:31:31,99
2024-11-21 06:37:33,100
2024-11-21 06:43:28,100
2024-11-21 06:55:18,100
2024-11-21 07:01:13,99
2024-11-21 07:07:15,99
2024-11-21 07:19:37,99
2024-11-21 07:25:31,99
2024-11-21 07:31:27,99
2024-11-21 07:37:22,99
2024-11-21 07:43:18,98
2024-11-21 07:49:15,98
2024-11-21 08:01:08,96
2024-11-21 08:07:05,95
2024-11-21 08:13:00,95
2024-11-21 08:19:03,96
2024-11-21 08:25:09,95
2024-11-21 08:31:04,94
2024-11-21 08:36:59,94
2024-11-21 08:42:55,93
2024-11-21 08:48:52,93
2024-11-21 08:54:48,93
2024-11-21 09:00:47,93
2024-11-21 09:06:42,91
2024-11-21 09:12:43,92
2024-11-21 09:18:41,91
2024-11-21 09:30:54,90
2024-11-21 09:36:49,90
2024-11-21 09:42:44,90
2024-11-21 09:48:39,89
2024-11-21 09:54:34,89
2024-11-21 10:00:28,89
2024-11-21 10:06:23,88
2024-11-21 10:12:19,88
2024-11-21 10:18:15,88
2024-11-21 10:24:11,88
2024-11-21 10:30:09,88
2024-11-21 10:36:06,88
2024-11-21 10:42:01,87
2024-11-21 10:47:57,87
2024-11-21 10:54:01,88
2024-11-21 10:59:57,89
2024-11-21 11:05:57,89
2024-11-21 11:11:52,90
2024-11-21 11:17:47,90
2024-11-21 11:23:42,90
2024-11-21 11:29:37,91
2024-11-21 11:35:34,91
2024-11-21 11:41:29,92
2024-11-21 11:47:28,91
2024-11-21 11:53:32,91
2024-11-21 11:59:27,92
2024-11-21 12:05:25,92
2024-11-21 12:11:20,92
2024-11-21 12:23:11,92
2024-11-21 12:29:06,91
2024-11-21 12:35:00,90
2024-11-21 12:40:58,90
2024-11-21 12:46:56,90
2024-11-21 12:52:52,89
2024-11-21 12:58:58,90
2024-11-21 13:04:53,90
2024-11-21 13:10:49,90
2024-11-21 13:16:44,91
2024-11-21 13:22:42,91
2024-11-21 13:28:41,91
2024-11-21 13:34:40,91
2024-11-21 13:46:09,91
2024-11-21 13:52:06,91
2024-11-21 13:58:01,92
2024-11-21 14:03:56,92
2024-11-21 14:09:51,92
2024-11-21 14:15:45,92
2024-11-21 14:21:42,92
2024-11-21 14:27:37,92
2024-11-21 14:33:31,93
2024-11-21 14:39:34,93
2024-11-21 14:45:28,94
2024-11-21 14:51:23,95
2024-11-21 15:06:55,94
2024-11-21 15:12:53,93
2024-11-21 15:18:48,92
2024-11-21 15:24:43,92
2024-11-21 15:30:38,92
2024-11-21 15:36:33,94
2024-11-21 15:42:27,95
2024-11-21 15:48:32,94
2024-11-21 15:54:34,92
2024-11-21 16:00:38,92
2024-11-21 16:06:33,94
2024-11-21 16:12:28,95
2024-11-21 16:18:23,95
2024-11-21 16:24:20,95
2024-11-21 16:30:17,96
2024-11-21 16:36:16,95
2024-11-21 16:42:12,96
2024-11-21 16:48:07,95
2024-11-21 16:54:01,94
2024-11-21 16:59:55,94
2024-11-21 17:05:54,92
2024-11-21 17:11:50,92
2024-11-21 17:43:36,95
2024-11-21 17:49:39,95
2024-11-21 17:55:35,96
2024-11-21 18:01:32,96
2024-11-21 18:07:27,96
2024-11-21 18:13:24,96
2024-11-21 18:19:18,96
2024-11-21 18:25:13,96
2024-11-21 18:31:11,97
2024-11-21 18:37:06,97
2024-11-21 18:43:04,97
2024-11-21 18:48:59,97
2024-11-21 18:54:53,96
2024-11-21 19:00:49,96
2024-11-21 19:06:44,96
2024-11-21 19:12:46,96
2024-11-21 19:18:41,96
2024-11-21 19:24:36,96
2024-11-21 19:30:32,96
2024-11-21 19:36:33,96
2024-11-21 19:48:55,96
2024-11-21 19:54:50,96
2024-11-21 20:00:46,95
2024-11-21 20:06:42,95
2024-11-21 20:12:38,96
2024-11-21 20:18:33,95
2024-11-21 20:24:29,95
2024-11-21 20:30:26,96
2024-11-21 20:36:21,96
2024-11-21 20:42:17,96
2024-11-21 20:48:13,95
2024-11-21 20:54:08,95
2024-11-21 21:00:05,96
2024-11-21 21:06:08,96
2024-11-21 21:12:03,96
2024-11-21 21:17:58,96
2024-11-21 21:29:51,96
2024-11-21 21:35:46,96
2024-11-21 21:41:45,96
2024-11-21 21:54:15,96
2024-11-21 22:00:10,96
2024-11-21 22:06:05,96
2024-11-21 22:12:01,96
2024-11-21 22:17:56,96
2024-11-21 22:23:51,96
2024-11-21 22:29:45,96
2024-11-21 22:35:40,96
2024-11-21 22:41:36,96
2024-11-21 22:47:30,96
2024-11-21 22:53:27,96
2024-11-21 22:59:21,96
2024-11-21 23:05:17,96
2024-11-21 23:17:13,96
2024-11-21 23:23:09,96
2024-11-21 23:29:12,96
2024-11-21 23:35:08,96
2024-11-21 23:41:03,96
2024-11-21 23:46:58,96
2024-11-21 23:52:54,96
2024-11-21 23:58:49,96
2024-11-22 00:04:45,96
2024-11-22 00:10:41,96
2024-11-22 00:16:37,96
2024-11-22 00:22:32,96
2024-11-22 00:28:28,96
2024-11-22 00:34:30,96
2024-11-22 00:40:27,96
2024-11-22 00:46:23,96
2024-11-22 00:52:18,96
2024-11-22 00:58:16,96
2024-11-22 01:12:44,96
2024-11-22 01:18:39,96
2024-11-22 01:24:34,96
2024-11-22 01:30:29,96
2024-11-22 01:36:24,96
2024-11-22 01:42:19,96
2024-11-22 01:48:13,96
2024-11-22 02:00:05,96
2024-11-22 02:06:00,96
2024-11-22 02:11:54,96
2024-11-22 02:17:50,96
2024-11-22 02:23:45,96
2024-11-22 02:29:40,96
2024-11-22 02:35:35,96
2024-11-22 02:41:30,96
2024-11-22 02:47:25,96
2024-11-22 02:53:21,96
2024-11-22 02:59:18,96
2024-11-22 03:05:21,96
2024-11-22 03:11:16,96
2024-11-22 03:17:10,96
2024-11-22 03:23:05,96
2024-11-22 03:29:00,96
2024-11-22 03:34:54,96
2024-11-22 03:40:50,96
2024-11-22 03:46:45,96
2024-11-22 03:58:35,96
2024-11-22 04:04:34,96
2024-11-22 04:10:31,96
2024-11-22 04:16:26,96
2024-11-22 04:22:22,96
2024-11-22 04:28:16,96
2024-11-22 04:34:13,94
2024-11-22 04:40:08,94
2024-11-22 04:46:03,94
2024-11-22 04:51:58,93
2024-11-22 04:58:01,93
2024-11-22 05:03:56,94
2024-11-22 05:09:53,94
2024-11-22 05:15:50,94
2024-11-22 05:21:46,95
2024-11-22 05:27:42,95
2024-11-22 05:33:36,95
2024-11-22 05:39:31,95
2024-11-22 05:45:30,95
2024-11-22 05:51:25,96
2024-11-22 05:57:23,96
2024-11-22 06:03:19,96
2024-11-22 06:09:14,96
2024-11-22 06:15:09,96
2024-11-22 06:21:05,96
2024-11-22 06:27:00,96
2024-11-22 06:32:56,95
2024-11-22 06:39:00,95
2024-11-22 06:54:15,97
2024-11-22 07:00:14,97
2024-11-22 07:06:09,98
2024-11-22 07:12:03,98
2024-11-22 07:21:48,100
2024-11-22 07:34:11,100
2024-11-22 07:46:01,100
2024-11-22 07:51:57,100
2024-11-22 07:57:51,98
2024-11-22 08:03:46,98
2024-11-22 08:09:44,98
2024-11-22 08:15:39,97
2024-11-22 08:21:35,98
2024-11-22 08:27:33,97
2024-11-22 08:33:28,96
2024-11-22 08:39:23,97
2024-11-22 08:45:18,98
2024-11-22 08:51:13,99
2024-11-22 08:57:08,99
2024-11-22 09:03:04,99
2024-11-22 09:08:59,97
2024-11-22 09:14:55,96
2024-11-22 09:20:51,95
2024-11-22 09:26:46,95
2024-11-22 09:32:41,92
2024-11-22 09:38:36,93
2024-11-22 09:44:31,93
2024-11-22 09:50:26,94
2024-11-22 09:56:22,93
2024-11-22 10:02:17,91
2024-11-22 10:08:12,91
2024-11-22 10:14:08,90
2024-11-22 10:20:10,90
2024-11-22 10:26:05,90
2024-11-22 10:57:43,89
2024-11-22 11:03:38,88
2024-11-22 11:09:32,88
2024-11-22 11:15:28,87
2024-11-22 11:21:24,87
2024-11-22 11:27:29,89
2024-11-22 11:33:24,89
2024-11-22 11:39:19,89
2024-11-22 11:45:13,88
2024-11-22 11:51:08,88
2024-11-22 11:57:07,87
2024-11-22 12:03:02,87
2024-11-22 12:09:01,87
2024-11-22 12:14:56,88
2024-11-22 12:20:52,88
2024-11-22 12:26:50,87
2024-11-22 12:32:46,87
2024-11-22 12:38:40,87
2024-11-22 12:44:35,86
2024-11-22 12:50:30,86
2024-11-22 12:56:26,85
2024-11-22 13:02:21,85
2024-11-22 13:38:22,84
2024-11-22 13:44:17,84
2024-11-22 13:50:11,85
2024-11-22 13:56:08,84
2024-11-22 14:02:10,84
2024-11-22 14:08:07,83
2024-11-22 14:14:02,84
2024-11-22 14:19:57,84
2024-11-22 14:25:56,85
2024-11-22 14:38:18,84
2024-11-22 14:44:12,84
2024-11-22 14:50:08,84
2024-11-22 14:56:06,85
2024-11-22 15:02:03,85
2024-11-22 15:13:53,85
2024-11-22 15:19:49,85
2024-11-22 15:25:44,85
2024-11-22 15:31:40,85
2024-11-22 15:37:35,83
2024-11-22 15:43:30,83
2024-11-22 15:49:26,84
2024-11-22 15:55:21,84
2024-11-22 16:01:16,84
2024-11-22 16:07:20,84
2024-11-22 16:13:17,83
2024-11-22 16:19:18,84
2024-11-22 16:25:12,83
2024-11-22 16:37:35,83
2024-11-22 16:49:28,86
2024-11-22 16:55:22,85
2024-11-22 17:01:18,84
2024-11-22 17:07:13,85
2024-11-22 17:13:08,86
2024-11-22 17:19:11,86
2024-11-22 17:25:06,86
2024-11-22 17:31:01,87
2024-11-22 17:36:56,88
2024-11-22 17:42:51,85
2024-11-22 17:48:47,86
2024-11-22 17:54:43,88
2024-11-22 18:00:38,90
2024-11-22 18:13:52,90
2024-11-22 18:19:48,88
2024-11-22 18:25:44,87
2024-11-22 18:31:41,86
2024-11-22 18:37:36,87
2024-11-22 18:43:31,87
2024-11-22 18:49:29,87
2024-11-22 18:55:23,86
2024-11-22 19:01:19,85
2024-11-22 19:07:17,85
2024-11-22 19:13:12,84
2024-11-22 19:19:07,84
2024-11-22 19:25:03,84
2024-11-22 19:30:58,85
2024-11-22 19:36:53,85
2024-11-22 19:42:47,85
2024-11-22 19:54:37,85
2024-11-22 20:00:32,85
2024-11-22 20:06:26,85
2024-11-22 20:18:51,85
2024-11-22 20:24:46,85
2024-11-22 20:30:42,85
2024-11-22 20:36:43,85
2024-11-22 20:42:38,85
2024-11-22 20:48:34,84
2024-11-22 20:54:32,84
2024-11-22 21:00:27,84
2024-11-22 21:06:23,84
2024-11-22 21:12:18,84
2024-11-22 21:18:15,84
2024-11-22 21:56:39,84
2024-11-22 22:02:34,84
2024-11-22 22:08:31,83
2024-11-22 22:14:29,83
2024-11-22 22:20:25,84
2024-11-22 22:26:24,84
2024-11-22 22:38:17,83
2024-11-22 22:44:13,83
2024-11-22 22:50:08,83
2024-11-22 22:56:03,83
2024-11-22 23:01:58,83
2024-11-22 23:07:54,83
2024-11-22 23:13:49,83
2024-11-22 23:19:44,83
2024-11-22 23:25:41,83
2024-11-22 23:31:37,83
2024-11-22 23:37:32,83
2024-11-22 23:43:28,83
2024-11-22 23:49:23,83
2024-11-22 23:55:20,83
2024-11-23 00:01:15,83
2024-11-23 00:07:13,83
2024-11-23 00:13:07,83
2024-11-23 00:19:05,83
2024-11-23 00:30:55,83
2024-11-23 00:36:50,83
2024-11-23 00:48:42,84
2024-11-23 00:54:37,83
2024-11-23 01:00:36,83
2024-11-23 01:06:34,83
2024-11-23 01:12:29,84
2024-11-23 01:18:24,84
2024-11-23 01:24:20,84
2024-11-23 01:30:20,84
2024-11-23 01:36:19,84
2024-11-23 01:42:16,84
2024-11-23 01:48:11,84
2024-11-23 01:54:07,84
2024-11-23 02:00:03,84
2024-11-23 02:13:21,84
2024-11-23 02:19:17,84
2024-11-23 02:25:12,84
2024-11-23 02:31:07,84
2024-11-23 02:37:03,84
2024-11-23 02:43:05,84
2024-11-23 02:49:00,84
2024-11-23 02:54:56,84
2024-11-23 03:00:51,85
2024-11-23 03:06:46,85
2024-11-23 03:12:41,84
2024-11-23 03:18:37,84
2024-11-23 03:24:34,84
2024-11-23 03:30:32,84
2024-11-23 03:36:29,84
2024-11-23 03:42:33,84
2024-11-23 03:48:29,85
2024-11-23 03:54:34,84
2024-11-23 04:00:29,84
2024-11-23 04:06:25,84
2024-11-23 04:12:21,84
2024-11-23 04:18:16,84
2024-11-23 04:31:34,84
2024-11-23 04:37:30,84
2024-11-23 04:43:26,84
2024-11-23 04:49:21,84
2024-11-23 04:55:16,84
2024-11-23 05:01:16,84
2024-11-23 05:07:14,84
2024-11-23 05:19:06,84
2024-11-23 05:25:05,84
2024-11-23 05:31:04,84
2024-11-23 05:37:00,84
2024-11-23 05:42:59,84
2024-11-23 05:48:56,84
2024-11-23 05:54:51,84
2024-11-23 06:00:48,84
2024-11-23 06:06:43,84
2024-11-23 06:12:39,84
2024-11-23 06:18:34,84
2024-11-23 06:24:31,84
2024-11-23 06:36:52,83
2024-11-23 07:09:39,79
2024-11-23 07:15:35,79
2024-11-23 07:41:06,80
2024-11-23 07:47:00,80
2024-11-23 07:52:55,80
2024-11-23 07:58:51,80
2024-11-23 08:04:46,80
2024-11-23 08:10:40,80
2024-11-23 08:16:37,81
2024-11-23 08:22:32,81
2024-11-23 08:28:28,82
2024-11-23 08:34:24,83
2024-11-23 08:40:30,82
2024-11-23 08:46:25,81
2024-11-23 08:52:20,80
2024-11-23 09:04:10,79
2024-11-23 09:10:06,77
2024-11-23 09:16:01,75
2024-11-23 09:28:23,74
2024-11-23 09:40:17,74
2024-11-23 09:46:14,73
2024-11-23 09:52:09,73
2024-11-23 09:58:04,75
2024-11-23 10:03:59,74
2024-11-23 10:09:54,74
2024-11-23 10:15:49,74
2024-11-23 10:21:45,74
2024-11-23 10:33:36,74
2024-11-23 10:39:31,74
2024-11-23 10:45:26,73
2024-11-23 10:51:28,74
2024-11-23 10:57:30,73
2024-11-23 11:03:25,73
2024-11-23 11:15:46,73
2024-11-23 11:21:41,74
2024-11-23 11:27:36,74
2024-11-23 11:33:31,73
2024-11-23 11:39:26,74
2024-11-23 11:45:22,74
2024-11-23 11:51:18,75
2024-11-23 12:03:08,74
2024-11-23 12:09:03,74
2024-11-23 12:14:58,74
2024-11-23 12:20:55,73
2024-11-23 12:26:50,73
2024-11-23 12:32:45,73
2024-11-23 12:38:41,74
2024-11-23 12:44:36,75
2024-11-23 12:58:22,75
2024-11-23 13:04:17,75
2024-11-23 13:10:11,75
2024-11-23 13:16:06,75
2024-11-23 13:22:01,76
2024-11-23 13:31:53,76
2024-11-23 13:37:56,76
2024-11-23 13:43:50,77
2024-11-23 13:49:50,78
2024-11-23 13:55:45,79
2024-11-23 14:01:41,79
2024-11-23 14:07:36,79
2024-11-23 14:13:31,80
2024-11-23 14:19:29,80
2024-11-23 14:25:29,81
2024-11-23 14:31:29,80
2024-11-23 14:37:24,80
2024-11-23 14:43:20,80
2024-11-23 14:49:15,80
2024-11-23 14:55:11,80
2024-11-23 15:01:06,80
2024-11-23 15:07:01,81
2024-11-23 15:12:56,81
2024-11-23 15:18:50,81
2024-11-23 15:24:47,80
2024-11-23 15:30:42,81
2024-11-23 15:36:37,81
2024-11-23 15:42:32,81
2024-11-23 15:54:22,80
2024-11-23 16:00:17,80
2024-11-23 16:06:14,80
2024-11-23 16:12:10,80
2024-11-23 16:18:04,80
2024-11-23 16:24:00,80
2024-11-23 16:29:56,80
2024-11-23 16:35:51,79
2024-11-23 16:41:47,79
2024-11-23 16:47:43,79
2024-11-23 16:53:38,78
2024-11-23 16:59:33,79
2024-11-23 17:05:37,79
2024-11-23 17:11:35,79
2024-11-23 17:17:30,79
2024-11-23 17:23:28,79
2024-11-23 17:29:24,80
2024-11-23 17:35:19,80
2024-11-23 17:41:15,80
2024-11-23 17:47:11,81
2024-11-23 17:53:08,81
2024-11-23 17:59:03,81
2024-11-23 18:04:58,81
2024-11-23 18:10:56,82
2024-11-23 18:16:51,82
2024-11-23 18:28:42,82
2024-11-23 18:34:37,82
2024-11-23 18:49:16,83
2024-11-23 18:55:13,83
2024-11-23 19:01:08,83
2024-11-23 19:07:02,84
2024-11-23 19:12:57,84
2024-11-23 19:18:52,84
2024-11-23 19:24:48,84
2024-11-23 19:30:43,84
2024-11-23 19:36:38,84
2024-11-23 19:42:32,84
2024-11-23 19:48:35,85
2024-11-23 19:54:30,85
2024-11-23 20:22:50,84
2024-11-23 20:28:45,85
2024-11-23 20:34:40,85
2024-11-23 20:40:35,85
2024-11-23 20:46:33,85
2024-11-23 20:52:27,84
2024-11-23 20:58:23,85
2024-11-23 21:04:18,84
2024-11-23 21:10:13,85
2024-11-23 21:16:08,84
2024-11-23 21:22:07,85
2024-11-23 21:33:57,84
2024-11-23 21:39:51,84
2024-11-23 21:45:46,84
2024-11-23 21:51:40,84
2024-11-23 21:57:36,84
2024-11-23 22:03:31,84
2024-11-23 22:09:28,84
2024-11-23 22:15:24,84
2024-11-23 22:21:22,84
2024-11-23 22:27:14,83
2024-11-23 22:58:11,83
2024-11-23 23:04:05,83
2024-11-23 23:10:00,83
2024-11-23 23:15:58,83
2024-11-23 23:21:53,83
2024-11-23 23:27:52,83
2024-11-23 23:33:46,83
2024-11-23 23:39:42,83
2024-11-23 23:45:37,83
2024-11-23 23:51:32,83
2024-11-23 23:57:27,83
2024-11-24 00:03:23,83
2024-11-24 00:09:21,83
2024-11-24 00:15:18,83
2024-11-24 00:21:16,83
2024-11-24 00:27:11,83
2024-11-24 00:39:01,83
2024-11-24 00:44:56,83
2024-11-24 00:50:52,83
2024-11-24 00:56:47,83
2024-11-24 01:02:42,83
2024-11-24 01:08:37,83
2024-11-24 01:14:32,83
2024-11-24 01:20:27,83
2024-11-24 01:26:22,83
2024-11-24 01:32:18,83
2024-11-24 01:38:17,83
2024-11-24 01:44:15,83
2024-11-24 01:50:11,83
2024-11-24 01:56:06,83
2024-11-24 02:08:21,83
2024-11-24 02:14:15,83
2024-11-24 02:20:10,83
2024-11-24 02:26:12,83
2024-11-24 02:32:07,83
2024-11-24 02:38:02,83
2024-11-24 02:43:57,83
2024-11-24 02:49:52,83
2024-11-24 02:55:47,83
2024-11-24 03:01:49,83
2024-11-24 03:07:44,82
2024-11-24 03:13:42,83
2024-11-24 03:19:36,83
2024-11-24 03:25:32,83
2024-11-24 03:31:26,83
2024-11-24 03:37:21,82
2024-11-24 03:43:16,82
2024-11-24 03:49:11,81
2024-11-24 03:55:05,81
2024-11-24 04:01:00,81
2024-11-24 04:06:56,80
2024-11-24 04:12:53,81
2024-11-24 04:18:52,81
2024-11-24 04:24:47,81
2024-11-24 04:30:43,82
2024-11-24 04:36:38,82
2024-11-24 04:42:32,82
2024-11-24 04:48:28,82
2024-11-24 04:54:27,82
2024-11-24 05:00:22,82
2024-11-24 05:06:17,82
2024-11-24 05:12:12,82
2024-11-24 05:42:57,82
2024-11-24 05:48:52,82
2024-11-24 06:00:42,82
2024-11-24 06:06:36,82
2024-11-24 06:12:32,83
2024-11-24 06:18:27,83
2024-11-24 06:24:29,83
2024-11-24 06:30:24,83
2024-11-24 06:36:19,83
2024-11-24 06:42:17,83
2024-11-24 06:48:12,83
2024-11-24 06:54:08,83
2024-11-24 07:00:06,83
2024-11-24 07:06:00,83
2024-11-24 07:11:59,83
2024-11-24 07:17:53,83
2024-11-24 07:23:49,83
2024-11-24 07:29:43,83
2024-11-24 07:35:38,83
2024-11-24 07:41:32,83
2024-11-24 07:47:28,83
2024-11-24 07:53:23,83
2024-11-24 07:59:19,83
2024-11-24 08:05:14,83
2024-11-24 08:11:10,83
2024-11-24 08:17:06,83
2024-11-24 08:23:01,83
2024-11-24 08:28:56,82
2024-11-24 08:34:53,82
2024-11-24 08:40:55,83
2024-11-24 08:46:51,82
2024-11-24 08:52:47,82
2024-11-24 08:58:42,81
2024-11-24 09:10:32,81
2024-11-24 09:22:22,81
2024-11-24 09:28:20,81
2024-11-24 09:34:16,80
2024-11-24 09:40:11,80
2024-11-24 09:46:06,80
2024-11-24 09:58:21,80
2024-11-24 10:04:16,80
2024-11-24 10:29:48,79
2024-11-24 10:35:46,79
2024-11-24 10:41:40,79
2024-11-24 10:47:36,79
2024-11-24 10:53:31,79
2024-11-24 10:59:26,79
2024-11-24 11:05:25,79
2024-11-24 11:11:20,79
2024-11-24 11:17:16,79
2024-11-24 11:23:19,79
2024-11-24 11:29:13,79
2024-11-24 11:35:08,79
2024-11-24 11:41:04,79
2024-11-24 11:47:00,79
2024-11-24 11:52:55,79
2024-11-24 11:58:57,79
2024-11-24 12:04:53,79
2024-11-24 12:10:53,79
2024-11-24 12:16:49,79
2024-11-24 12:22:45,79
2024-11-24 12:36:25,79
2024-11-24 12:42:21,79
2024-11-24 12:48:17,79
2024-11-24 12:54:16,79
2024-11-24 13:00:12,79
2024-11-24 13:06:07,79
2024-11-24 13:12:02,78
2024-11-24 13:17:57,78
2024-11-24 13:23:56,79
2024-11-24 13:29:52,79
2024-11-24 13:35:50,78
2024-11-24 13:47:40,79
2024-11-24 13:53:35,79
2024-11-24 13:59:30,79
2024-11-24 14:05:25,79
2024-11-24 14:11:23,79
2024-11-24 14:17:18,80
2024-11-24 14:23:20,80
2024-11-24 14:29:18,80
2024-11-24 14:35:14,80
2024-11-24 14:41:14,80
2024-11-24 15:13:01,80
2024-11-24 15:18:56,80
2024-11-24 15:24:51,80
2024-11-24 15:30:45,80
2024-11-24 15:36:47,80
2024-11-24 15:42:45,80
2024-11-24 15:54:35,81
2024-11-24 16:00:29,81
2024-11-24 16:06:24,82
2024-11-24 16:12:23,83
2024-11-24 16:18:22,83
2024-11-24 16:30:39,85
2024-11-24 16:36:33,85
2024-11-24 16:50:07,85
2024-11-24 16:56:01,85
2024-11-24 17:01:56,84
2024-11-24 17:07:51,84
2024-11-24 17:13:46,83
2024-11-24 17:19:41,83
2024-11-24 17:25:36,83
2024-11-24 17:31:31,82
2024-11-24 17:37:29,82
2024-11-24 17:43:24,82
2024-11-24 17:49:19,82
2024-11-24 17:55:14,82
2024-11-24 18:01:09,83
2024-11-24 18:07:03,83
2024-11-24 18:12:59,83
2024-11-24 18:18:54,82
2024-11-24 18:24:49,82
2024-11-24 18:30:44,83
2024-11-24 18:36:47,83
2024-11-24 18:42:42,83
2024-11-24 18:48:37,83
2024-11-24 18:54:32,83
2024-11-24 19:06:23,83
2024-11-24 19:12:29,83
2024-11-24 19:24:21,83
2024-11-24 19:30:17,83
2024-11-24 19:36:20,83
2024-11-24 19:42:18,83
2024-11-24 19:48:13,83
2024-11-24 19:54:09,83
2024-11-24 20:04:47,83
2024-11-24 20:10:42,84
2024-11-24 20:16:40,84
2024-11-24 20:22:38,84
2024-11-24 20:28:35,84
2024-11-24 20:34:32,84
2024-11-24 20:40:28,84
2024-11-24 20:46:31,84
2024-11-24 20:52:38,84
2024-11-24 20:58:34,84
2024-11-24 21:04:31,84
2024-11-24 21:10:26,85
2024-11-24 21:37:34,85
2024-11-24 21:49:24,85
2024-11-24 21:55:23,86
2024-11-24 22:01:19,85
2024-11-24 22:07:14,86
2024-11-24 22:13:09,86
2024-11-24 22:19:04,86
2024-11-24 22:25:00,86
2024-11-24 22:30:54,86
2024-11-24 22:36:49,86
2024-11-24 22:42:44,86
2024-11-24 22:56:27,86
2024-11-24 23:02:22,87
2024-11-24 23:08:17,87
2024-11-24 23:14:12,87
2024-11-24 23:20:07,87
2024-11-24 23:26:02,87
2024-11-24 23:31:57,87
2024-11-24 23:37:55,86
2024-11-24 23:49:45,87
2024-11-24 23:55:41,87
2024-11-25 00:01:36,87
2024-11-25 00:07:32,87
2024-11-25 00:13:26,87
2024-11-25 00:19:21,87
2024-11-25 00:25:23,88
2024-11-25 00:31:19,88
2024-11-25 00:37:14,88
2024-11-25 00:43:10,88
2024-11-25 00:49:05,88
2024-11-25 00:55:01,89
2024-11-25 01:33:07,89
2024-11-25 01:39:04,89
2024-11-25 01:44:59,89
2024-11-25 01:50:55,89
2024-11-25 01:56:50,89
2024-11-25 02:02:44,89
2024-11-25 02:14:38,89
2024-11-25 02:20:41,89
2024-11-25 02:26:39,90
2024-11-25 02:32:34,90
2024-11-25 02:38:29,90
2024-11-25 02:44:24,90
2024-11-25 02:50:22,90
2024-11-25 02:56:17,90
2024-11-25 03:02:12,89
2024-11-25 03:08:07,89
2024-11-25 03:14:02,89
2024-11-25 03:19:57,89
2024-11-25 03:25:52,89
2024-11-25 03:31:47,89
2024-11-25 03:37:42,89
2024-11-25 03:43:37,89
2024-11-25 03:49:32,89
2024-11-25 03:55:27,89
2024-11-25 04:07:48,89
2024-11-25 04:13:43,89
2024-11-25 04:19:39,89
2024-11-25 04:25:34,89
2024-11-25 04:31:30,89
2024-11-25 04:37:25,88
2024-11-25 04:50:22,88
2024-11-25 04:56:19,88
2024-11-25 05:02:14,88
2024-11-25 05:08:08,88
2024-11-25 05:14:03,88
2024-11-25 05:20:04,87
2024-11-25 05:25:58,87
2024-11-25 05:31:53,87
2024-11-25 05:37:51,87
2024-11-25 05:43:46,87
2024-11-25 05:49:42,87
2024-11-25 05:55:37,87
2024-11-25 06:01:32,87
2024-11-25 06:07:35,87
2024-11-25 06:13:31,87
2024-11-25 06:19:26,87
2024-11-25 06:25:20,87
2024-11-25 06:31:15,88
2024-11-25 06:37:10,88
2024-11-25 06:49:00,89
2024-11-25 06:54:56,89
2024-11-25 07:08:27,89
2024-11-25 07:14:22,89
2024-11-25 07:20:17,89
2024-11-25 07:26:15,89
2024-11-25 07:32:10,88
2024-11-25 07:38:05,88
2024-11-25 07:44:00,88
2024-11-25 07:49:55,87
2024-11-25 07:55:51,87
2024-11-25 08:01:47,87
2024-11-25 08:07:43,86
2024-11-25 08:13:40,86
2024-11-25 08:28:06,85
2024-11-25 08:34:03,85
2024-11-25 08:45:53,83
2024-11-25 08:57:43,82
2024-11-25 09:03:38,82
2024-11-25 09:09:33,80
2024-11-25 09:15:28,80
2024-11-25 09:21:24,78
2024-11-25 09:27:18,78
2024-11-25 09:33:14,78
2024-11-25 09:39:10,78
2024-11-25 09:45:05,77
2024-11-25 09:51:00,76
2024-11-25 09:56:56,76
2024-11-25 10:02:52,75
2024-11-25 10:08:47,75
2024-11-25 10:14:42,76
2024-11-25 10:20:40,75
2024-11-25 10:35:19,74
2024-11-25 10:41:16,74
2024-11-25 10:47:12,75
2024-11-25 10:53:07,74
2024-11-25 10:59:02,75
2024-11-25 11:04:57,73
2024-11-25 11:10:52,72
2024-11-25 11:16:47,73
2024-11-25 11:22:47,72
2024-11-25 11:28:42,71
2024-11-25 11:34:37,71
2024-11-25 11:40:32,71
2024-11-25 11:53:32,71
2024-11-25 11:59:32,71
2024-11-25 12:05:28,71
2024-11-25 12:11:25,70
2024-11-25 12:17:19,70
2024-11-25 12:23:17,70
2024-11-25 12:29:13,69
2024-11-25 12:35:08,69
2024-11-25 12:41:02,69
2024-11-25 12:46:58,69
2024-11-25 12:52:54,68
2024-11-25 12:58:49,69
2024-11-25 13:04:45,69
2024-11-25 13:10:40,69
2024-11-25 13:16:35,69
2024-11-25 13:22:30,69
2024-11-25 13:28:26,69
2024-11-25 13:34:21,69
2024-11-25 13:40:16,70
2024-11-25 13:46:11,71
2024-11-25 13:58:17,70
2024-11-25 14:12:55,72
2024-11-25 14:18:52,72
2024-11-25 14:24:47,72
2024-11-25 14:30:42,72
2024-11-25 14:36:38,72
2024-11-25 14:42:33,72
2024-11-25 14:48:28,72
2024-11-25 14:54:23,72
2024-11-25 15:00:19,72
2024-11-25 15:06:15,72
2024-11-25 15:12:10,72
2024-11-25 15:24:00,73
2024-11-25 15:29:56,73
2024-11-25 15:35:52,73
2024-11-25 15:41:47,74
2024-11-25 15:47:43,74
2024-11-25 15:53:38,74
2024-11-25 15:59:33,74
2024-11-25 16:05:29,74
2024-11-25 16:11:24,74
2024-11-25 16:17:23,74
2024-11-25 16:23:18,74
2024-11-25 16:29:14,74
2024-11-25 16:35:09,74
2024-11-25 16:41:06,74
2024-11-25 16:47:02,74
2024-11-25 16:52:58,74
2024-11-25 16:58:54,74
2024-11-25 17:04:53,74
2024-11-25 17:10:48,74
2024-11-25 17:44:56,76
2024-11-25 17:50:56,76
2024-11-25 17:56:51,76
2024-11-25 18:02:46,76
2024-11-25 18:08:41,77
2024-11-25 18:14:38,77
2024-11-25 18:20:34,78
2024-11-25 18:26:30,79
2024-11-25 18:38:21,80
2024-11-25 18:44:18,80
2024-11-25 18:50:17,80
2024-11-25 18:56:18,80
2024-11-25 19:02:14,79
2024-11-25 19:08:10,80
2024-11-25 19:14:05,79
2024-11-25 19:20:02,79
2024-11-25 19:25:57,79
2024-11-25 19:31:52,79
2024-11-25 19:37:56,79
2024-11-25 19:43:52,79
2024-11-25 19:49:47,80
2024-11-25 19:55:43,80
2024-11-25 20:01:39,80
2024-11-25 20:07:35,80
2024-11-25 20:13:30,81
2024-11-25 20:19:25,81
2024-11-25 20:25:21,81
2024-11-25 20:31:17,81
2024-11-25 20:37:12,81
2024-11-25 20:43:08,82
2024-11-25 20:49:05,82
2024-11-25 20:55:00,82
2024-11-25 21:00:59,82
2024-11-25 21:06:54,83
2024-11-25 21:18:44,83
2024-11-25 21:24:39,83
2024-11-25 21:30:34,83
2024-11-25 21:36:37,83
2024-11-25 21:42:34,83
2024-11-25 21:48:29,83
2024-11-25 21:54:26,84
2024-11-25 22:00:21,84
2024-11-25 22:06:15,84
2024-11-25 22:12:12,84
2024-11-25 22:18:07,84
2024-11-25 22:24:02,84
2024-11-25 22:29:57,85
2024-11-25 22:35:52,85
2024-11-25 22:41:48,85
2024-11-25 22:47:45,85
2024-11-25 22:53:49,85
2024-11-25 22:59:46,85
2024-11-25 23:05:42,86
2024-11-25 23:11:38,86
2024-11-25 23:17:33,86
2024-11-25 23:23:30,86
2024-11-25 23:29:25,86
2024-11-25 23:35:20,86
2024-11-25 23:41:17,86
2024-11-25 23:47:15,86
2024-11-25 23:56:48,86
2024-11-26 00:02:44,87
2024-11-26 00:14:35,87
2024-11-26 00:20:30,87
2024-11-26 00:26:25,87
2024-11-26 00:32:20,87
2024-11-26 00:38:15,87
2024-11-26 00:44:10,87
2024-11-26 00:50:06,87
2024-11-26 00:56:01,87
2024-11-26 01:01:59,87
2024-11-26 01:07:54,88
2024-11-26 01:13:49,88
2024-11-26 01:19:45,88
2024-11-26 01:25:42,88
2024-11-26 01:31:37,87
2024-11-26 01:37:31,87
2024-11-26 01:43:26,86
2024-11-26 01:49:22,86
2024-11-26 01:55:17,86
2024-11-26 02:01:13,86
2024-11-26 02:07:08,87
2024-11-26 02:13:03,87
2024-11-26 02:18:59,87
2024-11-26 02:31:21,87
2024-11-26 02:37:16,87
2024-11-26 02:43:12,88
2024-11-26 02:49:08,88
2024-11-26 02:55:02,88
2024-11-26 03:00:58,88
2024-11-26 03:06:53,88
2024-11-26 03:12:49,88
2024-11-26 03:18:52,88
2024-11-26 03:24:47,88
2024-11-26 03:30:47,88
2024-11-26 03:36:46,88
2024-11-26 03:42:41,88
2024-11-26 03:48:36,89
2024-11-26 03:54:32,88
2024-11-26 04:00:28,88
2024-11-26 04:06:24,88
2024-11-26 04:12:19,89
2024-11-26 04:24:09,89
2024-11-26 04:30:15,89
2024-11-26 04:36:12,89
2024-11-26 04:42:08,89
2024-11-26 04:53:59,89
2024-11-26 05:00:01,89
2024-11-26 05:14:00,89
2024-11-26 05:19:55,89
2024-11-26 05:25:50,89
2024-11-26 05:31:45,89
2024-11-26 05:37:40,89
2024-11-26 05:43:36,89
2024-11-26 05:49:31,89
2024-11-26 05:55:30,89
2024-11-26 06:01:26,89
2024-11-26 06:07:22,90
2024-11-26 06:13:22,90
2024-11-26 06:26:55,90
2024-11-26 06:32:50,91
2024-11-26 06:38:45,92
2024-11-26 06:44:41,92
2024-11-26 06:50:38,91
2024-11-26 06:56:34,90
2024-11-26 07:02:29,93
2024-11-26 07:08:24,94
2024-11-26 07:14:22,94
2024-11-26 07:26:13,92
2024-11-26 07:32:09,91
2024-11-26 07:38:03,91
2024-11-26 07:43:58,91
2024-11-26 07:49:53,90
2024-11-26 07:55:52,90
2024-11-26 08:01:55,90
2024-11-26 08:07:58,89
2024-11-26 08:13:54,87
2024-11-26 08:19:49,87
2024-11-26 08:33:35,87
2024-11-26 08:39:30,88
2024-11-26 09:05:19,88
2024-11-26 09:11:22,90
2024-11-26 09:17:16,88
2024-11-26 09:23:12,89
2024-11-26 09:29:07,88
2024-11-26 09:35:03,88
2024-11-26 09:40:58,87
2024-11-26 09:46:52,86
2024-11-26 09:52:48,86
2024-11-26 09:58:43,85
2024-11-26 10:04:38,85
2024-11-26 10:10:35,84
2024-11-26 10:16:33,84
2024-11-26 10:28:23,85
2024-11-26 10:34:19,86
2024-11-26 10:40:17,85
2024-11-26 10:46:12,86
2024-11-26 10:52:06,83
2024-11-26 10:58:03,82
2024-11-26 11:03:58,83
2024-11-26 11:16:36,81
2024-11-26 11:22:40,80
2024-11-26 11:28:38,80
2024-11-26 11:34:34,80
2024-11-26 11:40:30,80
2024-11-26 11:46:26,80
2024-11-26 11:52:22,80
2024-11-26 11:58:16,79
2024-11-26 12:04:12,78
2024-11-26 12:10:06,77
2024-11-26 12:16:02,78
2024-11-26 12:21:58,78
2024-11-26 12:27:56,77
2024-11-26 12:33:51,77
2024-11-26 12:39:46,79
2024-11-26 12:45:54,77
2024-11-26 12:51:53,77
2024-11-26 12:57:48,78
2024-11-26 13:09:38,80
2024-11-26 13:22:59,79
2024-11-26 13:28:53,77
2024-11-26 13:34:50,76
2024-11-26 13:40:44,76
2024-11-26 13:46:41,75
2024-11-26 13:52:40,75
2024-11-26 13:58:39,75
2024-11-26 14:04:36,75
2024-11-26 14:10:32,75
2024-11-26 14:16:35,74
2024-11-26 14:22:30,75
2024-11-26 14:28:25,75
2024-11-26 14:34:20,74
2024-11-26 14:40:16,75
2024-11-26 14:46:11,74
2024-11-26 14:52:06,74
2024-11-26 14:58:01,74
2024-11-26 15:03:57,75
2024-11-26 15:09:52,75
2024-11-26 15:15:48,75
2024-11-26 15:27:42,76
2024-11-26 16:00:52,74
2024-11-26 16:06:47,73
2024-11-26 16:12:41,74
2024-11-26 16:18:36,73
2024-11-26 16:24:32,73
2024-11-26 16:30:27,77
2024-11-26 16:36:22,74
2024-11-26 16:42:22,73
2024-11-26 16:48:21,72
2024-11-26 16:54:18,72
2024-11-26 17:00:14,72
2024-11-26 17:06:12,72
2024-11-26 17:35:56,75
2024-11-26 17:41:53,73
2024-11-26 17:47:49,76
2024-11-26 17:53:45,75
2024-11-26 17:59:39,77
2024-11-26 18:05:35,74
2024-11-26 18:11:30,73
2024-11-26 18:23:20,73
2024-11-26 18:29:22,73
2024-11-26 18:35:17,73
2024-11-26 18:41:12,71
2024-11-26 18:47:07,72
2024-11-26 18:53:04,73
2024-11-26 18:58:59,72
2024-11-26 19:04:54,71
2024-11-26 19:10:49,71
2024-11-26 19:16:47,72
2024-11-26 19:22:49,72
2024-11-26 19:28:45,72
2024-11-26 19:34:40,72
2024-11-26 19:40:39,72
2024-11-26 19:46:35,73
2024-11-26 19:52:30,72
2024-11-26 19:58:26,73
2024-11-26 20:04:23,73
2024-11-26 20:10:18,72
2024-11-26 20:16:13,72
2024-11-26 20:22:08,72
2024-11-26 20:28:05,72
2024-11-26 20:40:26,72
2024-11-26 20:46:21,72
2024-11-26 20:52:17,72
2024-11-26 20:58:21,72
2024-11-26 21:04:23,71
2024-11-26 21:10:21,72
2024-11-26 21:16:16,72
2024-11-26 21:22:12,71
2024-11-26 21:28:07,71
2024-11-26 21:34:02,71
2024-11-26 21:39:58,71
2024-11-26 21:45:56,71
2024-11-26 21:51:52,71
2024-11-26 21:57:53,71
2024-11-26 22:03:48,72
2024-11-26 22:09:46,72
2024-11-26 22:15:43,72
2024-11-26 22:21:38,72
2024-11-26 22:33:29,72
2024-11-26 22:47:51,72
2024-11-26 22:53:50,71
2024-11-26 22:59:47,71
2024-11-26 23:05:43,71
2024-11-26 23:11:38,71
2024-11-26 23:17:33,71
2024-11-26 23:23:30,71
2024-11-26 23:29:32,71
2024-11-26 23:35:29,71
2024-11-26 23:41:27,71
2024-11-26 23:47:22,71
2024-11-26 23:53:19,71
2024-11-27 00:06:49,70
2024-11-27 00:12:44,70
2024-11-27 00:18:42,70
2024-11-27 00:24:37,70
2024-11-27 00:30:32,70
2024-11-27 00:36:30,70
2024-11-27 00:42:26,70
2024-11-27 00:48:21,70
2024-11-27 00:54:17,70
2024-11-27 01:00:12,70
2024-11-27 01:06:07,69
2024-11-27 01:12:03,69
2024-11-27 01:17:58,70
2024-11-27 01:23:56,70
2024-11-27 01:29:52,70
2024-11-27 01:35:47,70
2024-11-27 01:41:49,70
2024-11-27 01:47:45,70
2024-11-27 01:53:41,69
2024-11-27 01:59:36,70
2024-11-27 02:05:32,69
2024-11-27 02:11:30,69
2024-11-27 02:17:27,69
2024-11-27 02:23:22,69
2024-11-27 02:29:17,69
2024-11-27 02:35:12,69
2024-11-27 02:41:10,69
2024-11-27 02:47:06,69
2024-11-27 02:53:05,69
2024-11-27 02:59:01,69
2024-11-27 03:11:22,69
2024-11-27 03:17:17,69
2024-11-27 03:23:11,69
2024-11-27 03:29:07,69
2024-11-27 03:35:02,69
2024-11-27 03:41:04,69
2024-11-27 03:46:59,69
2024-11-27 03:52:55,69
2024-11-27 03:58:57,69
2024-11-27 04:04:57,69
2024-11-27 04:10:49,69
2024-11-27 04:23:47,69
2024-11-27 04:29:42,68
2024-11-27 04:35:36,68
2024-11-27 04:41:31,67
2024-11-27 04:47:26,67
2024-11-27 04:53:21,67
2024-11-27 04:59:17,67
2024-11-27 05:05:12,68
2024-11-27 05:11:09,68
2024-11-27 05:17:13,68
2024-11-27 05:23:15,69
2024-11-27 05:29:18,69
2024-11-27 05:35:13,69
2024-11-27 05:41:16,69
2024-11-27 05:47:11,69
2024-11-27 05:53:05,69
2024-11-27 05:59:00,69
2024-11-27 06:04:56,69
2024-11-27 06:10:50,69
2024-11-27 06:16:47,71
2024-11-27 06:22:41,68
2024-11-27 06:34:35,66
2024-11-27 06:40:30,66
2024-11-27 06:46:26,66
2024-11-27 06:52:21,66
2024-11-27 06:58:16,66
2024-11-27 07:04:12,66
2024-11-27 07:10:07,65
2024-11-27 07:16:03,65
2024-11-27 07:21:58,65
2024-11-27 07:27:53,65
2024-11-27 07:33:49,66
2024-11-27 07:39:45,66
2024-11-27 07:45:41,66
2024-11-27 07:51:37,66
2024-11-27 07:57:32,67
2024-11-27 08:03:27,67
2024-11-27 08:09:21,66
2024-11-27 08:15:18,67
2024-11-27 08:21:14,66
2024-11-27 08:27:10,66
2024-11-27 09:02:30,64
2024-11-27 09:08:25,63
2024-11-27 09:20:15,64
2024-11-27 09:26:10,64
2024-11-27 09:32:07,63
2024-11-27 09:38:02,63
2024-11-27 09:43:57,63
2024-11-27 09:49:56,63
2024-11-27 09:55:52,62
2024-11-27 10:01:48,61
2024-11-27 10:07:43,61
2024-11-27 10:35:01,61
2024-11-27 10:40:56,60
2024-11-27 10:46:51,61
2024-11-27 10:52:46,61
2024-11-27 10:58:46,61
2024-11-27 11:04:41,60
2024-11-27 11:10:37,60
2024-11-27 11:16:33,59
2024-11-27 11:22:28,59
2024-11-27 11:28:23,59
2024-11-27 11:34:24,59
2024-11-27 11:40:19,59
2024-11-27 11:54:21,60
2024-11-27 12:00:17,60
2024-11-27 12:06:13,60
2024-11-27 12:12:09,59
2024-11-27 12:18:03,59
2024-11-27 12:23:58,59
2024-11-27 12:29:55,59
2024-11-27 12:41:44,59
2024-11-27 12:47:39,59
2024-11-27 12:53:35,59
2024-11-27 12:59:29,59
2024-11-27 13:27:01,59
2024-11-27 13:32:56,59
2024-11-27 13:38:51,59
2024-11-27 13:44:46,58
2024-11-27 13:50:41,59
2024-11-27 13:56:38,58
2024-11-27 14:02:39,59
2024-11-27 14:08:35,59
2024-11-27 14:14:40,59
2024-11-27 14:20:35,59
2024-11-27 14:26:30,59
2024-11-27 14:32:25,59
2024-11-27 14:38:20,59
2024-11-27 14:44:15,59
2024-11-27 14:50:10,59
2024-11-27 14:56:08,59
2024-11-27 15:02:03,59
2024-11-27 15:07:58,59
2024-11-27 15:13:53,58
2024-11-27 15:19:50,59

